filename,suggested_filename
baseball-player.png,baseball-player.png
basketball-dribble.png,basketball-dribble.png
basketball-hoop-orange.jpg,basketball-hoop-orange.jpg
basketball-player.png,basketball-player.png
basketball-rim-sunset.jpg,basketball-rim-sunset.jpg
blog-1-img-1.jpg,blog-locker-room-gallery-1.jpg
blog-1-img-2.jpg,blog-locker-room-gallery-2.jpg
blog-1-img-3.jpg,blog-locker-room-gallery-3.jpg
blog-1-img-4.jpg,blog-locker-room-gallery-4.jpg
blog-1-masonry-img-1.jpg,blog-masonry-sports-lockers-1.jpg
blog-1-masonry-img-2.jpg,blog-masonry-sports-lockers-2.jpg
blog-1-masonry-img-3.jpg,blog-masonry-sports-lockers-3.jpg
blog-1-masonry-img-4.jpg,blog-masonry-sports-lockers-4.jpg
blog-1-masonry-img-5.jpg,blog-masonry-sports-lockers-5.jpg
blog-1-masonry-img-6.jpg,blog-masonry-sports-lockers-6.jpg
blog-1-masonry-img-7.jpg,blog-masonry-sports-lockers-7.jpg
blog-1-masonry-img-8.jpg,blog-masonry-sports-lockers-8.jpg
client-1.png,client-logo-1.png
client-10.png,client-logo-10.png
client-2.png,client-logo-2.png
client-3.png,client-logo-3.png
client-4.png,client-logo-4.png
client-5.png,client-logo-5.png
client-6.png,client-logo-6.png
client-8.png,client-logo-8.png
client-9.png,client-logo-9.png
football-bottom-collage.png,football-locker-room-collage.png
football-hero-our-team.jpg,football-hero-our-team.jpg
football-hero-our-team.png,football-hero-our-team.png
h1-img-2.jpg,hero-sports-lockers-1.jpg
h1-img-4.jpg,hero-custom-lockers-1.jpg
h1-img-6.jpg,hero-locker-room-1.jpg
h1-img-7.png,hero-wood-lockers.png
h1-img-8.jpg,hero-athletic-facility.jpg
h1-img-9.png,hero-cta-icon.png
h1-iwt-img-1.png,hero-feature-icon-1.png
h1-iwt-img-2.png,hero-feature-icon-2.png
h1-iwt-img-3.png,hero-feature-icon-3.png
h1-iwt-img-4.png,hero-feature-icon-4.png
h1-iwt-img-5.png,hero-feature-icon-5.png
h1-iwt-img-6.png,hero-feature-icon-6.png
h1-iwt-img-7.png,hero-feature-icon-7.png
h1-iwt-img-8.png,hero-feature-icon-8.png
h2-blog-img-1-1.jpg,blog-post-sports-lockers-1.jpg
h2-blog-img-2-1-nobg.png,blog-post-athletic-lockers-nobg.png
h2-blog-img-2-1.jpg,blog-post-athletic-lockers-1.jpg
h2-blog-img-3-1.jpg,blog-post-wood-lockers-1.jpg
h2-blog-img-4-1.jpg,blog-post-locker-room-1.jpg
h2-blog-img-5.jpg,blog-post-college-lockers.jpg
h2-blog-img-6.jpg,blog-post-custom-lockers.jpg
h2-blog-img-7.jpg,blog-post-team-lockers.jpg
h2-blog-img-8.jpg,blog-post-facility-lockers.jpg
h2-img-4.png,hero-wood-sports-lockers.png
h3-banner-img-1.jpg,banner-locker-room-1.jpg
h3-banner-img-2.jpg,banner-locker-room-2.jpg
h3-banner-img-3.jpg,banner-locker-room-3.jpg
h3-blog-img-1.jpg,blog-locker-room-featured-1.jpg
h3-blog-img-2.jpg,blog-locker-room-featured-2.jpg
h3-blog-img-3.jpg,blog-locker-room-featured-3.jpg
h3-blog-img-4.jpg,blog-locker-room-featured-4.jpg
h3-blog-img-5.jpg,blog-locker-room-featured-5.jpg
h3-blog-img-6.jpg,blog-locker-room-featured-6.jpg
h3-blog-img-7.jpg,blog-locker-room-featured-7.jpg
h3-img-1.jpg,section-sports-lockers-hero.jpg
heder-banner.jpg,header-banner-sports-lockers.jpg
hockey-player-2.png,hockey-player-alt.png
hockey-player.png,hockey-player.png
logo-footer.png,logo-footer.png
logo.png,logo.png
our-team-title-photo.jpg,our-team-title-photo.jpg
p3-img-trophy.png,page-trophy-sports-lockers.png
p3-img.jpg,page-locker-room-feature.jpg
player-banner-taste-the-victory.png,player-banner-victory.png
player-broncos-throwing.png,player-football-throwing.png
player-football-blue-orange.png,player-football-blue-orange.png
player-img-10.jpg,player-locker-room-10.jpg
player-img-11.jpg,player-locker-room-11.jpg
player-img-12.jpg,player-locker-room-12.jpg
player-img-13.jpg,player-locker-room-13.jpg
player-img-6.png,player-athlete-6.png
player-img-7.png,player-athlete-7.png
player-img-8.png,player-athlete-8.png
player-img-9.png,player-athlete-9.png
romans-img.png,team-player-featured.png
shop-img-1-3-300x420.jpg,shop-product-1-thumb.jpg
shop-img-1-3-650x800.jpg,shop-product-1-large.jpg
shop-img-2-1-300x420.jpg,shop-product-2-thumb.jpg
shop-img-2-1-650x800.jpg,shop-product-2-large.jpg
shop-img-3-300x420.jpg,shop-product-3-thumb.jpg
shop-img-4-300x420.jpg,shop-product-4-thumb.jpg
shop-img-5-300x420.jpg,shop-product-5-thumb.jpg
shop-img-5-650x800.jpg,shop-product-5-large.jpg
shop-img-6-300x420.jpg,shop-product-6-thumb.jpg
shop-img-7-300x420.jpg,shop-product-7-thumb.jpg
shop-img-7-650x800.jpg,shop-product-7-large.jpg
shop-img-8-300x420.jpg,shop-product-8-thumb.jpg
shop-img-8-650x800.jpg,shop-product-8-large.jpg
shop-img-9-300x420.jpg,shop-product-9-thumb.jpg
shop-img-9-650x800.jpg,shop-product-9-large.jpg
shop-title-img.jpg,shop-title-sports-lockers.jpg
sidearea-icons-img-1.png,sidebar-icon-1.png
sidearea-icons-img-2.png,sidebar-icon-2.png
sidearea-icons-img-3.png,sidebar-icon-3.png
sidearea-icons-img-4.png,sidebar-icon-4.png
soccer-player.png,soccer-player.png
soccer.jpg,soccer-field-lockers.jpg
team-logo-1.png,team-logo-1.png
team-logo-5.png,team-logo-5.png
team-logo-6.png,team-logo-6.png
titans-img.png,team-titans-featured.png
title-about-us-2.jpg,title-about-us.jpg
title-trophy-room.jpg,title-trophy-room.jpg
trophy-img-5.png,trophy-sports-lockers-5.png
trophy-img-6.png,trophy-sports-lockers-6.png
trophy-img-7.png,trophy-sports-lockers-7.png
trophy-img-8.png,trophy-sports-lockers-8.png
